accuracy,precision,recall,f1,n_samples
0.7236842105263158,0.6296296296296297,0.9714285714285714,0.7640449438202247,76
